{"cameraMode":{"drawMode":0,"name":"Shaded","section":"Shading Mode"},"sceneLighting":true,"audioPlay":false,"sceneViewState":{"showFog":true,"showMaterialUpdate":false,"showSkybox":true,"showFlares":true,"showImageEffects":true,"showParticleSystems":true},"in2DMode":false,"pivot":{"x":0.7063528299331665,"y":1.4203121662139893,"z":-1.0125300884246827},"rotation":{"x":0.2732850909233093,"y":-0.2708866000175476,"z":0.08051753044128418,"w":0.9194979071617127},"size":5.576362609863281,"orthographic":false}